{
  "IcoMoonType": "selection",
  "icons": [
    {
      "icon": {
        "paths": [
          "M193.856 218.72l21.952 21.952-89.856 89.856 70.016 70.016 90.272-90.272 20.512 20.512-90.272 90.304 69.12 69.088 205.312-205.312-249.984-248.512-204.576 204.576 67.648 67.68 89.856-89.888zM739.168 533.088l-205.312 205.344 69.088 69.088 90.304-90.272 20.512 20.512-90.272 90.272 70.016 70.016 89.824-89.856 21.952 21.952-89.824 89.856 67.616 67.648 204.608-204.608-248.512-249.952zM954.304 270.432c24.992-25.024 25.184-65.44 0.384-90.272l-112.384-112.352c-24.8-24.8-65.248-24.672-90.24 0.384l-69.44 69.44 202.24 202.24 69.44-69.44zM108.736 830.144l83.936 83.936 169.088-60.064-192.96-192.96-60.064 169.088zM660.8 158.176l-476.32 476.352 203.808 203.808 476.352-476.352-203.84-203.808zM277.024 634.112l383.392-383.392 22.336 22.336-383.424 383.424-22.304-22.368zM321.696 678.816l383.36-383.392 22.336 22.336-383.392 383.36-22.304-22.304zM366.368 723.456l383.392-383.392 22.304 22.336-383.36 383.392-22.336-22.336zM62.528 960.32l98.112-35.744-62.368-62.368-35.744 98.112z"
        ],
        "attrs": [
          {}
        ],
        "isMulticolor": false,
        "isMulticolor2": false,
        "tags": [
          "ruler",
          "pencil",
          "design"
        ],
        "grid": 32
      },
      "attrs": [
        {}
      ],
      "properties": {
        "order": 1,
        "id": 0,
        "prevSize": 32,
        "name": "blogs"
      },
      "setIdx": 0,
      "setId": 2,
      "iconIdx": 0
    },
    {
      "icon": {
        "paths": [
          "M256 342q0-48 23-87t62-62 85-23q48 0 87 23t62 62 23 87q0 46-23 85t-62 62-87 23q-46 0-85-23t-62-62-23-85zM442 598q-36-2-82 4t-94 20-89 35-66 49-25 62v86h406q-40-44-53-89t-12-82 7-60 8-25zM830 768q24-40 24-86t-23-85-62-62-87-23q-46 0-85 23t-62 62-23 85q0 48 23 87t62 62 85 23q24 0 46-7t40-17l110 108 60-60zM682 768q-34 0-59-25t-25-61q0-34 25-59t59-25q36 0 61 25t25 59q0 36-25 61t-61 25z"
        ],
        "attrs": [
          {}
        ],
        "isMulticolor": false,
        "isMulticolor2": false,
        "tags": [
          "person_search"
        ],
        "grid": 24
      },
      "attrs": [
        {}
      ],
      "properties": {
        "order": 1,
        "id": 0,
        "prevSize": 24,
        "name": "users"
      },
      "setIdx": 1,
      "setId": 1,
      "iconIdx": 0
    },
    {
      "icon": {
        "paths": [
          "M554 128h342v256h-342v-256zM554 896v-426h342v426h-342zM128 896v-256h342v256h-342zM128 554v-426h342v426h-342z"
        ],
        "attrs": [
          {}
        ],
        "isMulticolor": false,
        "isMulticolor2": false,
        "tags": [
          "dashboard"
        ],
        "grid": 24
      },
      "attrs": [
        {}
      ],
      "properties": {
        "order": 1,
        "id": 1,
        "prevSize": 24,
        "name": "dashboard"
      },
      "setIdx": 1,
      "setId": 1,
      "iconIdx": 1
    },
    {
      "icon": {
        "paths": [
          "M384 853.333h-170.667c-11.776 0-22.4-4.736-30.165-12.501s-12.501-18.389-12.501-30.165v-597.333c0-11.776 4.736-22.4 12.501-30.165s18.389-12.501 30.165-12.501h170.667c23.552 0 42.667-19.115 42.667-42.667s-19.115-42.667-42.667-42.667h-170.667c-35.328 0-67.413 14.379-90.496 37.504s-37.504 55.168-37.504 90.496v597.333c0 35.328 14.379 67.413 37.504 90.496s55.168 37.504 90.496 37.504h170.667c23.552 0 42.667-19.115 42.667-42.667s-19.115-42.667-42.667-42.667zM793.003 469.333h-409.003c-23.552 0-42.667 19.115-42.667 42.667s19.115 42.667 42.667 42.667h409.003l-140.501 140.501c-16.683 16.683-16.683 43.691 0 60.331s43.691 16.683 60.331 0l213.333-213.333c3.925-3.925 7.083-8.619 9.259-13.824 6.4-15.445 3.328-33.92-9.259-46.507l-213.333-213.333c-16.683-16.683-43.691-16.683-60.331 0s-16.683 43.691 0 60.331z"
        ],
        "attrs": [
          {}
        ],
        "isMulticolor": false,
        "isMulticolor2": false,
        "tags": [
          "log-out"
        ],
        "grid": 24
      },
      "attrs": [
        {}
      ],
      "properties": {
        "order": 1,
        "id": 2,
        "prevSize": 24,
        "name": "log-out"
      },
      "setIdx": 1,
      "setId": 1,
      "iconIdx": 2
    },
    {
      "icon": {
        "paths": [
          "M426 726l384-384-60-62-324 324-152-152-60 60zM512 86q176 0 301 125t125 301-125 301-301 125-301-125-125-301 125-301 301-125z"
        ],
        "attrs": [
          {}
        ],
        "isMulticolor": false,
        "isMulticolor2": false,
        "tags": [
          "check_circle"
        ],
        "grid": 24
      },
      "attrs": [
        {}
      ],
      "properties": {
        "order": 1,
        "id": 3,
        "prevSize": 24,
        "name": "check-circle",
        "code": 59649
      },
      "setIdx": 1,
      "setId": 1,
      "iconIdx": 3
    },
    {
      "icon": {
        "paths": [
          "M554 598v-172h-84v172h84zM554 768v-86h-84v86h84zM42 896l470-810 470 810h-940z"
        ],
        "attrs": [
          {}
        ],
        "isMulticolor": false,
        "isMulticolor2": false,
        "tags": [
          "warning",
          "report_problem"
        ],
        "grid": 24
      },
      "attrs": [
        {}
      ],
      "properties": {
        "order": 1,
        "id": 4,
        "prevSize": 24,
        "code": 59648,
        "name": "warning"
      },
      "setIdx": 1,
      "setId": 1,
      "iconIdx": 4
    },
    {
      "icon": {
        "paths": [
          "M810 274l-238 238 238 238-60 60-238-238-238 238-60-60 238-238-238-238 60-60 238 238 238-238z"
        ],
        "attrs": [
          {}
        ],
        "isMulticolor": false,
        "isMulticolor2": false,
        "tags": [
          "clear",
          "close"
        ],
        "grid": 24
      },
      "attrs": [
        {}
      ],
      "properties": {
        "order": 3,
        "id": 5,
        "prevSize": 24,
        "name": "clear",
        "code": 59650
      },
      "setIdx": 1,
      "setId": 1,
      "iconIdx": 5
    },
    {
      "icon": {
        "paths": [
          "M292.571 420.571v329.143c0 10.286-8 18.286-18.286 18.286h-36.571c-10.286 0-18.286-8-18.286-18.286v-329.143c0-10.286 8-18.286 18.286-18.286h36.571c10.286 0 18.286 8 18.286 18.286zM438.857 420.571v329.143c0 10.286-8 18.286-18.286 18.286h-36.571c-10.286 0-18.286-8-18.286-18.286v-329.143c0-10.286 8-18.286 18.286-18.286h36.571c10.286 0 18.286 8 18.286 18.286zM585.143 420.571v329.143c0 10.286-8 18.286-18.286 18.286h-36.571c-10.286 0-18.286-8-18.286-18.286v-329.143c0-10.286 8-18.286 18.286-18.286h36.571c10.286 0 18.286 8 18.286 18.286zM658.286 834.286v-541.714h-512v541.714c0 27.429 15.429 43.429 18.286 43.429h475.429c2.857 0 18.286-16 18.286-43.429zM274.286 219.429h256l-27.429-66.857c-1.714-2.286-6.857-5.714-9.714-6.286h-181.143c-3.429 0.571-8 4-9.714 6.286zM804.571 237.714v36.571c0 10.286-8 18.286-18.286 18.286h-54.857v541.714c0 62.857-41.143 116.571-91.429 116.571h-475.429c-50.286 0-91.429-51.429-91.429-114.286v-544h-54.857c-10.286 0-18.286-8-18.286-18.286v-36.571c0-10.286 8-18.286 18.286-18.286h176.571l40-95.429c11.429-28 45.714-50.857 76-50.857h182.857c30.286 0 64.571 22.857 76 50.857l40 95.429h176.571c10.286 0 18.286 8 18.286 18.286z"
        ],
        "width": 805,
        "attrs": [
          {}
        ],
        "isMulticolor": false,
        "isMulticolor2": false,
        "tags": [
          "trash-o"
        ],
        "grid": 14
      },
      "attrs": [
        {}
      ],
      "properties": {
        "order": 1,
        "id": 0,
        "prevSize": 28,
        "name": "bin"
      },
      "setIdx": 2,
      "setId": 0,
      "iconIdx": 0
    },
    {
      "icon": {
        "paths": [
          "M507.429 676.571l66.286-66.286-86.857-86.857-66.286 66.286v32h54.857v54.857h32zM758.857 265.143c-5.143-5.143-13.714-4.571-18.857 0.571l-200 200c-5.143 5.143-5.714 13.714-0.571 18.857s13.714 4.571 18.857-0.571l200-200c5.143-5.143 5.714-13.714 0.571-18.857zM804.571 604.571v108.571c0 90.857-73.714 164.571-164.571 164.571h-475.429c-90.857 0-164.571-73.714-164.571-164.571v-475.429c0-90.857 73.714-164.571 164.571-164.571h475.429c22.857 0 45.714 4.571 66.857 14.286 5.143 2.286 9.143 7.429 10.286 13.143 1.143 6.286-0.571 12-5.143 16.571l-28 28c-5.143 5.143-12 6.857-18.286 4.571-8.571-2.286-17.143-3.429-25.714-3.429h-475.429c-50.286 0-91.429 41.143-91.429 91.429v475.429c0 50.286 41.143 91.429 91.429 91.429h475.429c50.286 0 91.429-41.143 91.429-91.429v-72c0-4.571 1.714-9.143 5.143-12.571l36.571-36.571c5.714-5.714 13.143-6.857 20-4s11.429 9.143 11.429 16.571zM749.714 182.857l164.571 164.571-384 384h-164.571v-164.571zM1003.429 258.286l-52.571 52.571-164.571-164.571 52.571-52.571c21.143-21.143 56.571-21.143 77.714 0l86.857 86.857c21.143 21.143 21.143 56.571 0 77.714z"
        ],
        "width": 1025,
        "attrs": [
          {}
        ],
        "isMulticolor": false,
        "isMulticolor2": false,
        "tags": [
          "edit",
          "pencil-square-o"
        ],
        "grid": 14
      },
      "attrs": [
        {}
      ],
      "properties": {
        "order": 1,
        "id": 1,
        "prevSize": 28,
        "name": "edit"
      },
      "setIdx": 2,
      "setId": 0,
      "iconIdx": 1
    },
    {
      "icon": {
        "paths": [
          "M521.143 969.143c0-5.143-4-9.143-9.143-9.143-45.143 0-82.286-37.143-82.286-82.286 0-5.143-4-9.143-9.143-9.143s-9.143 4-9.143 9.143c0 55.429 45.143 100.571 100.571 100.571 5.143 0 9.143-4 9.143-9.143zM140.571 804.571h742.857c-102.286-115.429-152-272-152-475.429 0-73.714-69.714-182.857-219.429-182.857s-219.429 109.143-219.429 182.857c0 203.429-49.714 360-152 475.429zM987.429 804.571c0 40-33.143 73.143-73.143 73.143h-256c0 80.571-65.714 146.286-146.286 146.286s-146.286-65.714-146.286-146.286h-256c-40 0-73.143-33.143-73.143-73.143 84.571-71.429 182.857-199.429 182.857-475.429 0-109.714 90.857-229.714 242.286-252-2.857-6.857-4.571-14.286-4.571-22.286 0-30.286 24.571-54.857 54.857-54.857s54.857 24.571 54.857 54.857c0 8-1.714 15.429-4.571 22.286 151.429 22.286 242.286 142.286 242.286 252 0 276 98.286 404 182.857 475.429z"
        ],
        "attrs": [
          {}
        ],
        "isMulticolor": false,
        "isMulticolor2": false,
        "tags": [
          "bell-o"
        ],
        "grid": 14
      },
      "attrs": [
        {}
      ],
      "properties": {
        "order": 1,
        "id": 2,
        "prevSize": 28,
        "name": "bell"
      },
      "setIdx": 2,
      "setId": 0,
      "iconIdx": 2
    }
  ],
  "height": 1024,
  "preferences": {
    "showGlyphs": true,
    "showQuickUse": true,
    "showQuickUse2": true,
    "showSVGs": true,
    "fontPref": {
      "prefix": "icon-",
      "metadata": {
        "fontFamily": "icomoon"
      },
      "metrics": {
        "emSize": 1024,
        "baseline": 6.25,
        "whitespace": 50
      },
      "embed": false
    },
    "imagePref": {
      "prefix": "icon-",
      "png": true,
      "useClassSelector": true,
      "color": 0,
      "bgColor": 16777215,
      "classSelector": ".icon",
      "name": "icomoon"
    },
    "historySize": 50,
    "showCodes": true,
    "gridSize": 16
  }
}